,OC GP mean,OC GP sampled
0,1.0407726738874334,0.15721217602789306
1,0.9461974775253355,0.15721217602789306
2,1.0788734841653547,0.15721217602789306
3,0.7867020899132635,0.15721217602789306
4,0.7706768228162106,0.15721217602789306
5,0.9325693074723835,0.15721217602789306
6,1.0445871111650948,1.0807995572379543
7,1.0502575707671333,1.0807995572379543
