,OC GP mean,OC GP sampled
0,0.8508838713217264,0.15721217602789306
1,0.6032780688777182,0.15721217602789306
2,0.7387350779474797,0.5866409561627792
