,Opportunity_cost,Y,C_bool,recommended_val,optimum
0,0.0,-1.0828957451635588,1,0.0,0.0
1,0.0,0.8548635735099165,1,0.0,0.0
2,0.0,-0.08678815969383408,1,0.0,0.0
3,0.0,-0.46436315701939584,1,0.0,0.0
4,0.0,-0.586168833743818,1,0.0,0.0
5,0.9511657408515484,0.36387917276776305,1,0.937149039269128,1.8883147801206763
6,0.9511657408515484,0.16982851447215297,1,0.937149039269128,1.8883147801206763
