,X1,X2,Opportunity_cost,Y,C_bool
0,3.75,2.75,0.0,22.65693862904675,0
1,4.25,1.25,0.0,26.733703129950516,0
2,1.25,1.7500000000000002,0.0,33.719670268336664,1
3,4.75,2.25,0.0,15.164146014200197,0
4,0.25,0.25,0.0,31.273977906117036,1
5,0.7500000000000001,3.250000000000001,0.0,32.19984956648901,1
6,2.75,0.7500000000000001,0.0,24.537485458988794,0
7,1.7500000000000002,3.75,0.0,36.64281062924175,1
8,3.250000000000001,4.25,0.0,24.102452893697045,1
9,2.25,4.75,0.0,15.429321750131962,1
10,1.5787088396267952,3.3763100275824782,38.480824544856475,36.63170319376179,1
11,2.9903795790224823,3.448772251344566,36.64281062924175,23.918417357574935,1
12,1.4301109159284402,3.841321697850224,36.64281062924175,33.97208206950876,1
13,0.6521547918986081,1.1378506255423733,36.64281062924175,35.27426027824402,1
14,4.750000463046754,2.2500050935142943,36.64281062924175,15.164107552753771,0
15,1.209451571487334,4.09651359705088,37.23768004390917,30.37276051590894,0
16,0.658192546580959,2.56539407074913,38.06483620593465,35.10492360781973,1
17,2.1595417527463385,3.6031772929970556,38.079761207654286,36.0853834519145,1
18,2.089454117203349,2.3957067715814038,38.00001437456651,38.60725865214709,1
19,2.0447669500890338,3.0267350337652306,38.60725865214709,40.33387344973565,1
20,2.217148198414919,3.0596349561914735,40.33387344973565,40.49979268431189,1
21,2.2781845631748046,2.4476081098279714,41.44669746514049,40.27806746852124,1
22,2.4987319467720632,2.851333019543481,41.341647219296824,40.5812835890567,1
23,2.2249209145779574,2.1198344089074714,41.346833670692625,37.39043953477091,1
24,2.7566428148153284,2.5710181664912146,41.37046678017714,40.668483715434974,1
25,2.551396547696614,2.341621614296514,41.45201649422555,40.96357980116963,1
26,3.0565477554609415,1.9401387071420788,41.4557136111962,39.13608610975631,0
27,2.0630836126730046,2.9107320549201856,41.456023007852195,40.43856876891162,1
28,0.8493870270045358,0.6753928309482916,41.455089359468914,33.34076377270709,1
29,0.8493875605727181,0.6753933862145527,41.45559891769693,33.34076642014696,1
30,1.3826121877582493,1.8275292910001573,41.45491152874732,33.41837870076981,1
31,1.1529709376305572,0.731322445967771,41.45516837862703,32.63035806537122,0
32,0.5426166777279623,0.8904278194435309,41.45575566131218,34.70250368843772,1
33,1.2086132444309101,4.097139845438628,41.45595405398392,30.35988249647505,0
34,2.990379579010645,3.4487722513309143,41.45614557171565,23.918418430872002,1
