,X1,X2,Opportunity_cost,Y,C_bool
0,4.75,1.25,0.0,22.39429846387537,0
1,2.25,0.7500000000000001,0.0,27.283824399447433,0
2,2.75,2.25,0.0,40.9038138820292,0
3,1.25,1.7500000000000002,0.0,33.71967018815426,1
4,4.25,4.75,0.0,4.588138719913439,1
5,0.7500000000000001,3.250000000000001,0.0,32.19984997036751,1
6,3.250000000000001,0.25,0.0,21.98450530241931,0
7,1.7500000000000002,4.25,0.0,32.02920308881332,1
8,3.75,3.75,0.0,25.96602159463825,1
9,0.25,2.75,0.0,35.836300747134324,1
10,1.9372427247374528,2.4401410976012263,41.435938957969526,37.678130541858316,1
11,2.6985567073548737,2.908755748554899,41.412970662900314,38.116079950113516,1
12,2.7090291949832,2.5320405045350283,41.266227241210345,41.09178356444382,1
13,3.4598878224541494,2.8887607379190725,41.09178356444382,25.02257147031175,0
14,1.5721095615685459,2.118651254315489,41.09178356444382,34.05567253399036,1
15,2.2495678233971974,2.099501008985106,41.09178356444382,37.36519196166587,1
16,3.3068910368085684,1.624931960815519,41.38711060899944,35.58247421194801,0
17,0.25265490749857145,2.3020213090828023,41.40936585117216,36.859718625756564,1
18,0.9669564690252669,1.8625412339681915,41.406288439315624,34.853692320810765,1
19,2.8325884100307883,2.4896738357286297,41.409167386153285,40.59938264467295,1
20,3.1090945864756367,2.9967212516952406,41.38458136590117,29.464571964991404,1
21,1.7082529608799444,3.4939193103917088,41.09178356444382,37.573461087494756,1
22,2.9500665119969716,3.7277504865895787,41.4230478668674,21.096167784294156,1
23,3.24977304709363,0.25033170040161856,41.30932737524169,21.98399042797517,0
24,2.2581683460376816,2.987437301899626,41.28032677193544,40.75018534357631,1
25,2.1610771063623906,3.2602672602701603,41.42964234648322,39.48265552327057,1
26,3.7064740580888302,1.6001292972462473,41.455072188820964,34.57486547746471,0
27,1.900190477702156,2.445739786777848,41.456162909203876,37.41269857589699,1
28,2.350052413658061,2.869735099758342,41.45613287040949,41.05276688871223,1
29,1.7749746766192633,2.434233954100907,41.45646155983028,36.382950012895414,1
30,1.7864339630526855,2.767797368833123,41.45643125886229,37.91390035008322,1
31,1.9705193549632614,3.709780915167062,41.456355820732824,36.573629995543,1
32,4.25,4.75,41.45635121401116,4.58813926618855,1
33,0.2526843473837353,2.3020380401569684,41.45634657126456,36.85966057725063,1
34,0.9658264142375594,3.2803105501172203,41.456324505297225,32.07165593037343,1
