,X1,X2,Opportunity_cost,Y,C_bool
0,1.25,3.250000000000001,0.0,33.58211148846671,1
1,2.25,2.25,0.0,38.70545820075722,1
2,1.7500000000000002,3.75,0.0,36.6428101692396,1
3,0.25,0.25,0.0,31.273977359442547,1
4,3.250000000000001,0.7500000000000001,0.0,21.923953775309666,0
5,0.7500000000000001,1.25,0.0,35.24340505623095,1
6,2.75,1.7500000000000002,0.0,36.020988779098694,0
7,4.25,2.75,0.0,18.331457730939476,0
8,3.75,4.75,0.0,15.096208628667933,1
9,4.75,4.25,0.0,5.603311616509584,0
10,2.478248222307771,3.2222345990643846,38.70545820075722,36.9717634711511,1
11,4.750000001114041,4.250000003342123,38.70545820075722,5.60331385606164,0
12,1.1539395736752005,1.3405664449896026,38.70545820075722,33.73380172761298,1
13,0.7413061439111722,3.562411982546972,40.76504319725295,30.52167422503046,0
14,2.5158530447882987,2.787501000385999,41.02279084251724,40.868202194579595,1
15,1.1540531451510165,1.3406745055048195,41.060773308653786,33.73341137341346,1
16,0.5856343359307027,1.2469358918844722,41.17120709428803,35.69745910798097,1
17,2.094419331998755,1.9514712220547579,40.96606178962157,35.05968604897759,1
18,2.6429610407294426,2.640477569850761,41.06941037263936,40.97416263510031,1
19,3.7499970091289803,4.750000199391401,41.453377017432146,15.096288074350454,1
20,3.909667473155637,0.7073289315535369,41.453126099477544,18.00402919813206,0
21,4.249999769425251,2.7500001220689843,41.45245518477244,18.331456947865732,0
22,0.7413061473870308,3.5624119796394043,41.45274797199812,30.521674688552643,0
23,3.4471976038619148,2.617746687557891,41.28074160242311,30.15753544171637,0
24,3.7500000000095506,4.749999999963708,41.45648548698499,15.096208202379602,1
25,2.8648811806863024,2.861014323340854,41.45648586482768,36.35182900139268,1
26,1.4975037245671898,3.614910247300728,41.45476887484466,35.39298701050386,1
27,4.749998199460286,4.249998388990782,41.455864783097105,5.603341557868923,0
28,3.2512016617267596,0.7494850021171036,41.45538042848333,21.914052879755175,0
29,0.2498083881550126,0.253640623043366,41.45573343000398,31.298637968315486,1
30,2.478248222307771,3.2222345990643846,41.455711649997866,36.971762596297424,1
31,1.8706225631311866,2.805557737422463,41.45592532610501,38.797498300633116,1
32,4.749998510824582,4.2499930958378815,41.45392692846201,5.603385973325055,0
33,3.607926888913296,3.526759276697491,41.45438853964336,22.265175595593504,1
34,3.5652212695025214,4.282775205334608,41.449748624271216,26.81027320767566,1
