,X1,X2,Opportunity_cost,Y,C_bool
0,1.25,3.250000000000001,0.0,33.58211194275388,1
1,2.25,2.25,0.0,38.70546203491763,1
2,1.7500000000000002,3.75,0.0,36.642810077315374,1
3,0.25,0.25,0.0,31.273980311881584,1
4,3.250000000000001,0.7500000000000001,0.0,21.92395329086888,0
5,0.7500000000000001,1.25,0.0,35.243405568109374,1
6,2.75,1.7500000000000002,0.0,36.02098760131637,0
7,4.25,2.75,0.0,18.331456627930503,0
8,3.75,4.75,0.0,15.096207265838608,1
9,4.75,4.25,0.0,5.603313205895126,0
10,2.042807454020316,1.8053717942130842,38.70546203491763,33.609741970971264,1
