,X1,X2,Opportunity_cost,Y,C_bool
0,2.25,4.75,0.0,15.429322182069834,1
1,3.75,0.7500000000000001,0.0,19.383568291481126,0
2,3.250000000000001,2.75,0.0,31.390397042293497,0
3,4.75,1.7500000000000002,0.0,21.655894896592557,0
4,0.25,2.25,0.0,36.929824548049325,1
5,0.7500000000000001,3.75,0.0,29.347346981373484,0
6,4.25,0.25,0.0,14.109670618285211,1
7,1.7500000000000002,3.250000000000001,0.0,38.31174068117423,1
8,1.25,4.25,0.0,29.975056916345835,0
9,2.75,1.25,0.0,28.807857421554772,0
10,1.378991351687442,2.693361331009585,38.31174068117423,34.59261123207227,1
11,1.8818519133515244,2.733917935038276,39.9786794843548,38.6487616596709,1
12,2.7647832336074245,3.3403930838937583,41.176630436424254,29.864906467039265,1
13,1.4147985361116637,4.610349742911862,41.27592396019696,28.63233068961498,0
14,2.461009424503924,2.327058600696892,41.22675956696864,40.544193098766726,1
15,2.805161027336046,2.8986839244168614,41.43668347668191,36.72606076847582,1
16,3.0135715615773813,2.718531289040336,41.44200849504102,36.150109725634806,1
17,3.342126871374515,1.4513681154044211,41.39197603396484,32.71717862997388,0
18,4.75001052744482,1.750136858090966,41.39162450750329,21.653924356107826,0
19,2.665988916071045,2.3697092709353673,41.38576315246545,41.245475883906025,1
20,1.5506854869134534,1.5232033950487123,41.245475883906025,32.351288847293574,1
21,2.8147783967808078,2.0447080083970834,41.245475883906025,39.71183390167848,0
22,2.2261553185800276,2.6799466632996656,41.456139383970466,40.91823947230901,1
23,1.5750682804552933,3.10946382782163,41.45614130505338,36.60643201539946,1
24,1.5506854869134534,1.5232033950487123,41.456296485813375,32.35129075625042,1
25,2.7526540489644313,0.3813886113958052,41.45628932628818,24.565588268072283,0
26,4.249999999999946,0.2499999999999968,41.456045569373245,14.10967210087771,1
27,2.7199182529248587,0.955466828093362,41.45608980412903,25.80975362680478,0
28,2.4339013207503477,2.5566962520798775,41.245475883906025,41.36426984705616,1
29,0.23599512669285347,1.8311640354358931,41.36426984705616,37.08226369453869,1
30,1.4147974434566102,4.610350043840599,41.456005188344946,28.63232332728007,0
31,3.750000000000004,0.7499999999999978,41.45605629498714,19.383565688451522,0
32,1.9912259285710208,2.9394237067989044,41.4560284741866,40.0385163466028,1
33,3.175677525940742,2.635643918652873,41.45599801527182,34.78425344589128,0
34,3.7017178536665747,2.8285232845656627,41.4553119397989,22.323079676921456,0
