,X1,X2,Opportunity_cost,Y,C_bool
0,3.75,2.75,0.0,22.656938346215572,0
1,2.75,3.250000000000001,0.0,31.81144548925741,1
2,4.25,4.75,0.0,4.588137795078124,1
3,1.7500000000000002,3.75,0.0,36.64281243961281,1
4,0.25,1.7500000000000002,0.0,37.020909937997956,1
5,0.7500000000000001,0.25,0.0,31.475974694534717,0
6,4.75,4.25,0.0,5.603313164567,0
7,2.25,2.25,0.0,38.70546014858953,1
8,1.25,0.7500000000000001,0.0,32.30691959566018,0
9,3.250000000000001,1.25,0.0,28.894080312001158,0
10,0.6724016318564034,3.4496210619279895,38.70546014858953,31.293934818556483,0
