,X1,X2,Opportunity_cost,Y,C_bool
0,0.7500000000000001,2.75,0.0,34.22140501190738,1
1,1.7500000000000002,1.7500000000000002,0.0,32.78048825161241,1
2,2.25,4.75,0.0,15.429321859648557,1
3,4.75,4.25,0.0,5.603314141908295,0
4,3.75,3.75,0.0,25.96602059579778,1
5,3.250000000000001,2.25,0.0,38.54203887402709,0
6,2.75,3.250000000000001,0.0,31.81144402825801,1
7,0.25,1.25,0.0,36.10901046276918,1
8,1.25,0.25,0.0,30.906470329807625,0
9,4.25,0.7500000000000001,0.0,16.61470616170571,0
10,0.8401523096123905,2.5581588438649083,36.10901046276918,34.468523252718406,1
