,X1,X2,Opportunity_cost,Y,C_bool
0,4.25,3.75,0.0,25.139593722361425,0
1,2.25,0.7500000000000001,0.0,27.28382520696787,0
2,3.250000000000001,2.25,0.0,38.54203578088672,0
3,4.75,3.250000000000001,0.0,21.851803327475565,0
4,0.7500000000000001,0.25,0.0,31.47597479803005,0
5,2.75,4.25,0.0,18.200955439998964,1
6,0.25,4.75,0.0,21.44802772080757,0
7,1.7500000000000002,1.25,0.0,30.911045548831407,0
8,3.75,2.75,0.0,22.656940554831998,0
9,1.25,1.7500000000000002,0.0,33.71966951966354,1
10,3.007975853973139,2.6543342102961596,39.655311064920895,37.17169527083547,1
11,2.0124353299254882,2.000717280905761,39.960735741992,35.054929253254215,1
12,3.0373177103290274,2.19532518481081,41.02435726599274,40.26228308971222,0
13,0.25000596863586194,4.750000314138729,41.05953481705008,21.448008288612684,0
14,2.8759418301979505,2.3540358260565606,41.171593545753595,40.81592703610295,0
15,2.8759418150734946,2.354035813676786,41.16765858869632,40.81592840250016,0
16,2.4228555746732905,3.0020610784268382,41.18313472484384,39.972526108968154,1
17,2.6244104716592247,4.038792939996432,41.339985379140956,20.827957041334884,1
18,1.2613932764042162,2.9854950742223063,41.25488912013809,33.97098181010424,1
19,4.746012720602256,3.2472718681537054,40.986241704034626,21.901348213934778,0
20,1.6802473921227048,2.739731881132819,40.919624672474235,36.86357945737829,1
21,0.7499999950385013,0.2500000314228257,41.43849122698916,31.475978558752324,0
22,2.6720206130799253,2.6981351087845615,41.43965744808594,40.46347932938816,1
23,2.9044806774544307,2.9372991471376393,41.42639783231342,34.44226586808192,1
24,3.4571229692283025,2.7847731135669287,41.4113666771144,26.846698722135397,0
25,0.7500000181473945,0.25000007499812466,41.38029827015151,31.47597456823089,0
26,2.75,4.25,41.42040618290316,18.20095399226448,1
27,3.1949031065644844,1.6647626559538709,41.42064030901979,36.07165669020588,0
28,0.7499999950385013,0.2500000314228257,41.44490382926281,31.475975608835846,0
29,2.740550767932442,2.7837825505646783,41.44158505908611,39.069437473578915,1
30,2.171631286717304,2.6340084834275097,41.45253475034153,40.483140197989975,1
31,0.7499999950385013,0.2500000314228257,41.45181181468884,31.47597635580822,0
32,4.110820846709668,3.571505827854882,41.451738816167264,26.270960050815145,0
33,2.7094123536876644,4.445808357660146,41.44430647415312,17.30317163776538,1
34,2.6535235224791025,2.5749090466325524,41.44689595187725,41.181105993190386,1
