,X1,X2,Opportunity_cost,Y,C_bool
0,0.25,0.25,0.0,31.27397927938647,1
1,2.25,4.25,0.0,23.785061470712602,1
2,2.75,1.25,0.0,28.807859195648103,0
3,1.7500000000000002,1.7500000000000002,0.0,32.780489501357195,1
4,0.7500000000000001,3.250000000000001,0.0,32.19985100041906,1
5,1.25,0.7500000000000001,0.0,32.306917121149866,0
6,3.250000000000001,2.75,0.0,31.390395188655265,0
7,4.25,3.75,0.0,25.139591709717457,0
8,4.75,4.75,0.0,6.055699301363368,1
9,3.75,2.25,0.0,31.37535841281358,0
10,0.07925329806627587,2.009810448540682,36.472087887288374,37.081034373426064,1
