,X1,X2,Opportunity_cost,Y,C_bool
0,0.7500000000000001,2.75,0.0,34.221405208532275,1
1,1.7500000000000002,4.75,0.0,24.69059783829098,0
2,2.75,4.25,0.0,18.200953841568253,1
3,1.25,3.75,0.0,32.33478273378775,1
4,0.25,3.250000000000001,0.0,33.74086661678418,0
5,4.75,1.7500000000000002,0.0,21.65589651756996,0
6,2.25,0.7500000000000001,0.0,27.28382622713914,0
7,4.25,0.25,0.0,14.109670624728437,1
8,3.75,1.25,0.0,28.600585982931843,0
9,3.250000000000001,2.25,0.0,38.542036493568176,0
10,1.9426519605952024,2.564526058459081,39.5363916383526,38.41831085213877,1
11,2.2464828777135875,2.5341714258943004,39.84326626338668,40.52625135095293,1
12,4.25,0.25,41.06590494927921,14.109671046808286,1
13,2.68902394583387,1.9470908472229624,41.055951286898036,38.27230581818033,0
14,2.731799983236945,1.7694362656348563,41.24511888976955,36.21303337612005,0
15,2.250125243652784,0.7499658433252017,41.331585890654026,27.2830855647004,0
16,2.5289037376880574,2.6061393442780245,41.33166534799549,41.42553352089698,1
17,3.080946103191489,3.4407818539191894,41.42553352089698,22.801807942542553,1
18,0.7499999950352532,2.750000014894241,41.42553352089698,34.22140314750663,1
19,3.249934313732547,2.2499545248917627,41.42553352089698,38.543023548433844,0
20,2.749999768248344,4.249999641838349,41.42553352089698,18.20095783249614,1
21,0.25,3.250000000000001,41.42553352089698,33.74086730038125,0
22,2.5942947277607327,3.364032823387379,41.42553352089698,32.79103404111755,1
23,4.249680276941196,0.2503573375363106,41.42553352089698,14.110536918207925,1
24,3.053124032811951,1.331538733791735,41.42553352089698,30.21375013352526,0
25,2.0588232462141813,2.859504227361035,41.42553352089698,40.36269161606486,1
26,1.749999893312802,4.749999710420462,41.4363694219029,24.69060560190014,0
27,3.7500000019315602,1.2499999962774138,41.436521696289226,28.60058430166929,0
28,3.6513828734310927,1.394570100266594,41.4371252919725,31.591838747823704,0
29,2.6551085328499906,3.1389080713246234,41.452170843416766,35.464217554307005,1
30,2.9058398713379483,3.045369253195828,41.44833260251712,32.50608218886484,1
31,2.74047391740246,1.1212388350639615,41.45372609513633,27.280666914121916,0
32,2.9058398712304077,3.0453692530831233,41.45460769382003,32.50608368864324,1
33,2.557218133747132,4.017393488104754,41.45447702845257,22.086999434331172,1
34,3.619612635361337,2.0663776104597757,41.45432566322129,35.80208487546349,0
