,X1,X2,Opportunity_cost,Y,C_bool
0,2.25,3.75,0.0,32.619974921062884,1
1,3.75,0.25,0.0,18.329699660979003,0
2,2.75,2.75,0.0,39.3191341430041,1
3,0.25,3.250000000000001,0.0,33.74086901728365,0
4,1.7500000000000002,1.25,0.0,30.91104467929835,0
5,1.25,4.25,0.0,29.97505665910184,0
6,4.25,2.25,0.0,22.436449314269097,0
7,4.75,1.7500000000000002,0.0,21.655896351704484,0
8,0.7500000000000001,4.75,0.0,21.08991365625615,0
9,3.250000000000001,0.7500000000000001,0.0,21.923955038589806,0
10,1.4548909932554959,2.5215244843061617,39.3191341430041,34.721466765626545,1
