,X1,X2,Opportunity_cost,Y,C_bool
0,1.7500000000000002,0.7500000000000001,0.0,29.988484599930093,0
1,4.25,4.75,0.0,4.588139618444201,1
2,3.250000000000001,4.25,0.0,24.102453032222066,1
3,2.75,3.75,0.0,23.140266641632156,1
4,0.7500000000000001,1.7500000000000002,0.0,35.76049119011297,1
5,3.75,0.25,0.0,18.329700239939136,0
6,2.25,2.75,0.0,41.121679960353234,1
7,1.25,3.250000000000001,0.0,33.58211182736547,1
8,0.25,1.25,0.0,36.109010818284446,1
9,4.75,2.25,0.0,15.164145219835854,0
10,3.7500013506999657,0.2500051326597315,41.121679960353234,18.329655202072875,0
