,X1,X2,Opportunity_cost,Y,C_bool
0,2.25,3.75,0.0,32.619972963563946,1
1,1.7500000000000002,2.25,0.0,35.286386496785425,1
2,4.75,0.7500000000000001,0.0,13.12433237148969,1
3,2.75,4.25,0.0,18.200955493749763,1
4,3.75,3.250000000000001,0.0,20.93884920684844,0
5,1.25,1.7500000000000002,0.0,33.71966960951258,1
6,3.250000000000001,0.25,0.0,21.98450630053644,0
7,4.25,2.75,0.0,18.331456126711974,0
8,0.7500000000000001,4.75,0.0,21.08991282365612,0
9,0.25,1.25,0.0,36.10900719974831,1
10,1.3350580995552275,3.3765421226655445,38.070941066718085,34.13291721326175,1
