,X1,X2,Opportunity_cost,Y,C_bool
0,4.25,0.25,0.0,14.109670881556923,1
1,0.7500000000000001,3.75,0.0,29.347344990198977,0
2,2.75,1.25,0.0,28.80785702710611,0
3,0.25,3.250000000000001,0.0,33.74086946371538,0
4,1.25,0.7500000000000001,0.0,32.306918610189925,0
5,3.75,2.25,0.0,31.375358443169404,0
6,3.250000000000001,4.75,0.0,24.33947233346119,1
7,1.7500000000000002,4.25,0.0,32.02920335250314,1
8,4.75,1.7500000000000002,0.0,21.65589722095064,0
9,2.25,2.75,0.0,41.121680110607116,1
10,0.2522262377544066,2.431978050376272,41.121680110607116,36.644989390389,1
11,2.3292442375891924,3.323220401818157,41.121680110607116,37.580342952490426,1
12,1.1837697915129548,1.9899625608698273,41.121680110607116,34.06900313029408,1
13,2.7131561168202385,2.7971571966495787,41.376360140195004,39.23117549098973,1
14,2.4086126722405203,2.574310118146776,41.121680110607116,41.340085191017316,1
15,1.855255426245306,2.2519665330443455,41.340085191017316,35.92135385541485,1
16,3.6423595339389863,1.2911321885960931,41.44327926739636,29.594545609007582,0
17,2.630248734940467,1.9869169927315304,41.340085191017316,38.44426306594773,0
18,1.7651910842984697,2.4598219993282546,41.340085191017316,36.43594828120079,1
19,2.9885233328064835,2.9656780177673325,41.340085191017316,32.37623496288799,1
20,2.8643158980547616,2.7333661739754227,41.4454477584064,38.13583474408133,1
21,4.250001252130733,0.2500079301857969,41.36437702510065,14.109616987804941,1
22,3.2000500930174156,3.1306229965368115,41.45160576803828,25.434093200096022,1
23,2.5337547547401384,2.4286199966269995,41.454858396295094,41.25993846939524,1
24,2.431496258611792,2.9999073746238576,41.45528206296974,39.92792234910183,1
25,0.6417212961588975,3.292155880708716,41.455502072831784,32.25097902458307,1
26,0.6417199100057362,3.2921490823636184,41.45535684922416,32.25102102514885,1
27,2.6537670763282963,2.6805141512353967,41.45526913185733,40.70064067669272,1
28,3.250000000005243,4.749999999985771,41.40453500193551,24.33947197797053,1
29,3.3898098344151886,2.9936277446238164,41.456465147988624,24.51214414422983,0
30,3.7500015730853713,2.2500034607572483,41.456526138798154,31.375271461880512,0
31,4.2500012534438065,0.25000793015199907,41.456524431345244,14.109614988610925,1
32,3.200050093021741,3.130622996529288,41.45652366777578,25.43409482691457,1
33,2.28449074724072,3.039962321781348,41.456526590386694,40.436049450816874,1
34,1.4031671876706127,2.0256790664908415,41.456503133978,33.70867431734246,1
