,X1,X2,Opportunity_cost,Y,C_bool
0,1.7500000000000002,1.25,0.0,30.91104259085039,0
1,1.25,2.75,0.0,34.05084653591411,1
2,2.25,4.75,0.0,15.429323185572375,1
3,0.25,2.25,0.0,36.92982311622477,1
4,4.75,3.75,0.0,14.746672508461458,0
5,4.25,0.7500000000000001,0.0,16.614706135338498,0
6,3.250000000000001,1.7500000000000002,0.0,37.239144891222594,0
7,2.75,0.25,0.0,25.099472133691478,0
8,3.75,3.250000000000001,0.0,20.938850347560788,0
9,0.7500000000000001,4.25,0.0,25.651768878544722,0
10,4.250013561730819,0.7499847310866906,36.92982311622477,16.61437682139733,0
11,0.7463957077953398,2.270527846858084,36.92982311622477,35.39413043539986,1
12,0.27578864625782606,4.900107805922167,36.92982311622477,19.641139508958368,0
13,0.05556417944168951,3.024785343831896,36.92982311622477,34.89353996241092,0
14,2.597011043203257,2.402868947715358,36.92982311622477,41.283113554293905,1
15,2.081475462720744,2.205691100214252,41.283113554293905,37.13605689906834,1
16,0.06452430320492063,2.2568515920485,41.283113554293905,36.91921722856965,1
17,3.038489880720783,2.2286661267386783,41.283113554293905,40.237444462381106,0
18,3.770390811889928,1.9646796044695871,41.283113554293905,34.74770544614471,0
19,2.613439347046157,2.8156715682528253,41.283113554293905,40.02269413270555,1
20,3.216154139676612,2.5764885134114133,41.336951514634755,35.0677460782519,0
21,1.7686584896019304,2.190456026392499,41.283113554293905,35.072308181365614,1
22,3.459500678364142,2.2175437088810046,41.29249292121518,36.37531495018399,0
23,2.9056971405598664,2.0223469922633717,41.283113554293905,39.696352397952005,0
24,4.218267197270917,1.6888860917699438,41.42027831380571,30.64037339975803,0
25,1.8998418995138218,2.553451798820197,41.452031729275916,37.998374948263816,1
26,2.0586038997594023,2.817902564081855,41.45095073012225,40.29035597653599,1
27,2.2224806196760634,3.685905700493866,41.45156733216051,34.078526666076066,1
28,2.214517820175727,2.7677443736920453,41.45168995130458,41.01264521016362,1
29,4.750083050929357,3.7504152546467826,41.45182588557513,14.735255186909683,0
30,3.030162683894098,2.640957181700616,41.45344630499952,37.03135226352467,1
31,1.5716616433646826,2.940303694595954,41.45472732193901,36.3636027467807,1
32,2.7107711055270958,3.0867383919145133,41.33193275994378,35.35527623861382,1
33,0.05556417946026106,3.024785343839315,41.456427692791294,34.89354167504853,0
34,2.21028890274613,2.244596733257532,41.45641055458144,38.38000838108026,1
