,X1,X2,Opportunity_cost,Y,C_bool
0,4.25,3.75,0.0,25.13959309291289,0
1,2.25,0.7500000000000001,0.0,27.283825358341577,0
2,0.25,4.75,0.0,21.44802790819724,0
3,3.75,0.25,0.0,18.329699807063083,0
4,0.7500000000000001,2.75,0.0,34.221406892813036,1
5,2.75,3.250000000000001,0.0,31.81144541229095,1
6,3.250000000000001,4.25,0.0,24.102453323294927,1
7,4.75,1.25,0.0,22.394297910852053,0
8,1.7500000000000002,2.25,0.0,35.286386889659276,1
9,1.25,1.7500000000000002,0.0,33.719670506269225,1
10,1.2243936562687385,1.8970878970757652,35.29846165524531,33.91033187982246,1
11,1.4912546619876286,3.4407806621995154,35.286386889659276,35.65852469136978,1
12,0.523553939767859,4.29173818244728,35.65852469136978,25.2958802350283,0
13,1.1512438921180166,1.820425439221672,36.037111711346995,34.120181812297766,1
14,0.06628804212570366,1.3898698477905675,36.20935776923313,36.34952007844419,1
15,0.20066187707595265,0.9036956502728564,36.34952007844419,34.86107559766146,1
16,3.670995487101227,2.216217191615956,36.34952007844419,33.2530630594666,0
17,0.523553939767859,4.29173818244728,36.34952007844419,25.295879662432714,0
18,0.5235539160922347,4.291737989231363,36.34952007844419,25.295882425908818,0
19,3.0248395656117233,4.602011167112291,36.34952007844419,22.34694867293395,1
20,1.766415635836209,2.388066223885812,36.34952007844419,36.090962927571134,1
21,2.2500000076134885,0.7500000117663004,38.79697864179745,27.28382639568051,0
22,2.377162386834656,3.4605069811523457,38.8621947725725,35.04378696736615,1
23,2.5078606130345547,4.2380965878908,39.58734431717734,19.576519141558745,1
24,3.272473046575981,3.3645634429526194,40.062446467372396,21.6623608272528,1
25,2.9107155614916134,3.263557403116296,40.45221947827199,28.394144165129262,1
26,1.6657242194148525,2.8703218142142344,40.65183635324765,37.097205168145926,1
27,3.022884041147274,2.3125079049378168,41.035912243266274,40.12039148980544,0
28,3.590876839120646,2.1762030398914463,41.33018934325154,35.03342083115375,0
29,2.096493842452131,2.2010917045738356,41.00052461779854,37.205471475231526,1
30,2.0776720508020032,2.9742149357472836,41.375250305745325,40.509467411180296,1
31,2.314713498540949,2.5212601880373393,41.39878720488882,40.83784649681891,1
32,3.7499782858685835,2.0297285006964474,41.42086358573648,34.44055691977403,0
33,2.7812944843032095,2.9310609855339456,41.42319799027517,36.61737242705488,1
34,2.844052260742722,4.3079921944863635,41.451090132541104,18.609922257653952,1
