,X1,X2,Opportunity_cost,Y,C_bool
0,1.25,4.25,0.0,29.975057442653714,0
1,2.75,0.25,0.0,25.099472143643162,0
2,4.75,1.25,0.0,22.394299857037865,0
3,2.25,1.7500000000000002,0.0,33.82878440112704,0
4,3.250000000000001,3.75,0.0,20.90139735665028,1
5,0.7500000000000001,4.75,0.0,21.089913843115433,0
6,1.7500000000000002,3.250000000000001,0.0,38.3117426368792,1
7,0.25,2.75,0.0,35.83630080702108,1
8,3.75,0.7500000000000001,0.0,19.383565253225772,0
9,4.25,2.25,0.0,22.436449289306335,0
10,3.6412402301048563,2.874643488095008,38.3117426368792,22.552798402989204,0
11,1.568003289510046,2.2780983421802268,38.3117426368792,34.565990077744196,1
12,3.707409706315652,0.798268999508928,38.3117426368792,20.209368156938755,0
13,0.3860227282510878,3.993772087262444,38.3117426368792,28.341263904288287,0
14,1.1611589556643431,3.2520392762889756,38.3117426368792,32.96753111473722,1
15,0.724603079019459,2.417595400711178,40.30307986284694,35.20438140224493,1
16,2.7500003733639957,0.2500007882128797,39.89635025697445,25.0994626510638,0
17,0.5875851030889596,2.110387308926517,39.3304887844676,36.22761000910318,1
18,1.232823951545305,1.4717926668403254,39.892211850389536,33.522536240467254,1
19,2.990597278663236,3.485186563066036,39.171303248975306,23.406825725704756,1
20,2.502986752283297,4.10144298389872,38.39563099902567,21.643945576618638,1
21,1.3347322508513424,3.7471148216265653,39.364699193173344,33.26820322086219,1
22,1.8357219476503692,2.6264053675992916,39.7269052099815,37.79699897363877,1
23,2.0949466145279696,3.028075517445795,39.70020022885794,40.509210426320685,1
24,3.172673255555312,2.7785901094834915,40.617504592245076,32.32035979593835,0
25,2.9246659917503313,2.5581912911541393,41.439717326826326,39.33503660606437,1
26,3.2999655708382862,2.6624218463290883,41.41314324083216,32.081388772970406,0
27,1.5748803589968596,2.5644180915067993,41.43058281962463,35.497850334236574,1
28,2.532166028791967,2.0771499953941546,41.38652014202163,38.88690997765211,0
29,2.123837468378279,2.559882292415815,41.38688049107072,39.840011492159505,1
30,2.6227891662284333,1.968300384048236,41.45181218774382,38.2002735254875,0
31,2.917257164636097,3.0740452654373374,41.45262297836247,31.76136119075132,1
32,4.786661324756693,1.0666933762165334,41.450947912882356,19.14319310220912,1
33,1.2500000864283913,4.249999967784394,41.451558063567184,29.975059097826666,0
34,1.5000037944885973,3.347107173981728,41.452576554596405,35.846804715926076,1
