,X1,X2,Opportunity_cost,Y,C_bool
0,0.25,2.75,0.0,35.836301030543545,1
1,0.7500000000000001,2.25,0.0,35.412200409801144,1
2,4.75,0.7500000000000001,0.0,13.124334833341766,1
3,1.7500000000000002,1.7500000000000002,0.0,32.78048586235668,1
4,3.75,0.25,0.0,18.32970011969333,0
5,3.250000000000001,3.75,0.0,20.901398452811932,1
6,4.25,4.75,0.0,4.588139205174269,1
7,2.75,1.25,0.0,28.807857367983278,0
8,1.25,4.25,0.0,29.975056792772627,0
9,2.25,3.250000000000001,0.0,39.081191354500575,1
10,0.9742461828103852,4.95632570664193,39.081191354500575,21.133069949256104,0
