,X1,X2,Opportunity_cost,Y,C_bool
0,0.25,2.25,0.0,36.92982414099352,1
1,2.75,1.25,0.0,28.80785898826475,0
2,3.250000000000001,3.75,0.0,20.901397950634145,1
3,1.7500000000000002,0.25,0.0,29.613577819947988,0
4,4.75,4.75,0.0,6.055699713951268,1
5,4.25,3.250000000000001,0.0,23.556214274237657,0
6,2.25,0.7500000000000001,0.0,27.283825744073233,0
7,3.75,1.7500000000000002,0.0,35.42817665801812,0
8,0.7500000000000001,2.75,0.0,34.22140478783181,1
9,1.25,4.25,0.0,29.975056601235053,0
10,0.5709263211979323,1.5382918234157867,36.92982414099352,36.23790166953515,1
11,0.1376539034829976,1.3848561998084363,37.0595021626322,36.41684972268781,1
12,0.4149382772355552,1.9880813962825319,37.128247152863764,36.83733167940887,1
13,0.0,0.0,37.13094165784448,28.999998177083356,1
14,4.249949107044543,3.250020955922836,37.130290058070855,23.55628811864412,0
15,0.4913341178032171,2.523274193207616,37.13205021520931,35.84272238271766,1
16,1.9724404319019144,1.8453331192770988,37.132001755018,33.698811550727285,1
17,2.8523998027225175,1.5196248684751805,37.12962409417843,32.926861826044735,0
18,3.1868483014676974,2.713083965838814,40.187652299023846,33.248003076063284,0
19,3.3905744024950675,1.807378166576801,37.13354214013526,37.60658811637194,0
20,0.2102211965041851,2.1719994775425255,37.133419720348506,37.04104789901083,1
21,1.6454026756441456,1.8665808562004613,37.126608343666675,33.246440862460936,1
22,1.749994625701905,0.2499988729584984,37.124259681656326,29.613594428769897,0
23,0.42977285972284807,2.058394440628494,37.12439583642627,36.76653963708834,1
24,1.2498671210806709,4.250079727351597,37.12376683373728,29.97306052970262,0
25,0.40759758145056935,2.397307379829089,37.12441526005333,36.38834236944043,1
26,0.893772231524888,1.3361264180350207,37.12598920519977,34.85996611929546,1
27,1.8989250680604193,3.3404559502692646,37.12678412458311,39.07990289944358,1
28,3.612835542032485,2.7755593223676054,39.07990289944358,24.343658184940317,0
29,1.9564976044704203,2.8922190219352437,41.38766647573288,39.72753730165449,1
30,3.3982714665605064e-06,3.3982714665605064e-06,41.39566593820874,29.000034422356503,1
31,2.9559969332739784,3.1881513881396057,41.39904609970636,28.89169764913865,1
32,4.749971910142793,4.749972215196278,41.36788410999199,6.055410659988216,1
33,2.2813214892326443,1.9382271567518434,41.37378953552798,35.94886355144579,1
34,2.3474049320899355,2.659593672406278,41.426986349181945,41.314164780752854,1
