,X1,X2,Opportunity_cost,Y,C_bool
0,2.25,0.25,0.0,27.6577880520082,0
1,2.75,3.250000000000001,0.0,31.811445167962315,1
2,3.75,0.7500000000000001,0.0,19.383567516010853,0
3,1.25,4.75,0.0,26.18935983212209,0
4,3.250000000000001,2.75,0.0,31.39039707979296,0
5,0.7500000000000001,2.25,0.0,35.41219936498312,1
6,0.25,3.75,0.0,30.644029825924285,0
7,1.7500000000000002,1.25,0.0,30.911045549248144,0
8,4.25,4.25,0.0,14.94452746974126,1
9,4.75,1.7500000000000002,0.0,21.655896615538218,0
10,1.837357572615032,3.067127440964458,35.41219936498312,39.023800723058294,1
11,2.37598020337944,3.071139347535257,39.023800723058294,39.73784878317951,1
12,1.9640461523820056,2.293374859402715,40.557354069167886,36.9404528941222,1
13,3.7500000031222247,0.7499999980005478,41.3254269334875,19.3835645126014,0
14,1.2500000552199422,4.74999993005474,41.26281704768444,26.18935930589043,0
15,2.814181784722992,2.4353800693753302,41.32701044231222,40.910263445323515,1
16,0.25,3.75,41.446190645610976,30.64403049154136,0
17,2.0112788548434812,2.654366559225174,41.44631845765961,39.417379225596285,1
18,2.096880879132094,2.576948453083165,41.44301647163363,39.72524395641403,1
19,2.7336824254454566,2.2003559077334205,41.4529311187426,40.64575391585998,0
20,4.249721710823746,4.250048507101409,41.452417766531305,14.950584537494967,1
21,2.589659624645283,2.922357839978554,41.454581188742615,39.24291731777672,1
22,1.55306680501701,2.712795493398756,41.456270770458374,35.73908714901615,1
23,3.4602586278880194,1.9421190123786853,41.45649748788677,37.845263154799106,0
24,3.735569971755517,3.4730896518087624,41.455074127693635,22.826944102249048,1
25,3.6685191596353794,1.5846765565982808,41.44585215622374,34.53305933985364,0
26,2.552098771361493,2.5012220886732863,41.44768053307446,41.427256534570695,1
27,2.9841235530873855,3.6582280393310067,41.427256534570695,21.466969864141415,1
28,2.1138589568524373,3.9461738053819535,41.43615459456813,31.800100696414564,1
29,1.110847885579655,2.8096980277380554,41.427256534570695,33.6347376730782,1
30,1.1697799311951216,2.15296162234224,41.44039228583872,34.12459847072241,1
31,3.4653815251813453,1.9522930146016104,41.44942275333247,37.81256598215094,0
32,2.706272951323893,2.519297451756116,41.450545560724414,41.1409289589148,1
33,3.24773117247341,2.7480811021546563,41.427256534570695,31.46935782579177,0
34,1.682735329763556,0.7034741741593414,41.451998229195944,30.28026473162757,0
