,X1,X2,Opportunity_cost,Y,C_bool
0,2.25,4.25,0.0,23.785061021801834,1
1,4.75,4.75,0.0,6.05570005154837,1
2,3.250000000000001,3.75,0.0,20.901398273057698,1
3,1.7500000000000002,1.25,0.0,30.91104506594149,0
4,2.75,1.7500000000000002,0.0,36.020989768315395,0
5,0.25,2.25,0.0,36.92982493643609,1
6,3.75,2.75,0.0,22.6569409786998,0
7,1.25,3.250000000000001,0.0,33.58211047381284,1
8,0.7500000000000001,0.25,0.0,31.475974883468613,0
9,4.25,0.7500000000000001,0.0,16.614708134476302,0
10,0.013238690094257434,1.0609732606244913,36.92982493643609,35.25105079459712,1
11,1.468670713015765,2.4481701777066824,37.4158590353626,34.634422852236035,1
12,0.3607837478467979,1.0974355906130322,36.92982493643609,35.60915881251571,1
13,0.03171530084073136,1.2499840729981568,37.125250619355036,35.918696179197994,1
14,2.0989375334032854,1.8636607660889006,37.12663059718061,34.30775384832619,1
15,0.19644281791634433,2.489427006244734,37.121044531333894,36.584730516751954,1
16,2.7656923827063613,2.535100764699302,37.12391534781819,40.79383161592307,1
17,2.0989375334032854,1.8636607660889006,41.20764637184407,34.30775535444277,1
18,1.91715231554388,3.183869951837193,41.21879256512818,39.537236765360866,1
19,0.9605754002467202,2.226709927713035,41.06863476434339,34.65315020393389,1
20,2.3306660572177287,3.1626651235588117,40.79383161592307,39.27359432892806,1
21,2.705798592209693,2.4033705518710793,41.445625333490135,41.269868707471325,1
22,2.855035939731574,2.179449021855335,41.443718913872544,40.62997203264925,0
23,2.321419764716733,2.8145500685588383,41.3446420128146,41.218488082590454,1
24,4.75004112223588,4.75004112223588,41.45276078815591,6.056130602869538,1
25,0.0317118755875664,1.2498490746917026,41.45255589719389,35.918290024993155,1
26,3.180553682958562,1.8185872018924991,41.45255603166411,38.00471250962098,0
27,2.6002586690264935,0.36138106809993426,41.451107884628904,25.535712340985857,0
28,2.0740529656280975,2.3012917966108426,41.44595175319232,37.81916932585459,1
29,1.8635841550483039,3.5968977322212403,41.454327880945954,37.77158753305982,1
30,3.9037491401261217,2.9017024437334173,41.45594519537945,19.940510226107985,0
31,3.3840129738767084,1.5416628359323512,41.45618385009004,34.308341677666434,0
32,1.3931539355675548,3.0442822932439544,41.45609774321162,34.88005433421077,1
33,2.8604614911264643,2.3027025460652277,41.456112618649875,40.90492685031906,0
34,0.7720880700187369,3.5585561602850535,41.45605305453943,30.528446641300217,0
