,X1,X2,Opportunity_cost,Y,C_bool
0,4.75,0.25,0.0,9.246685328059181,1
1,2.25,2.75,0.0,41.12168079734983,1
2,1.7500000000000002,3.250000000000001,0.0,38.3117424841574,1
3,3.250000000000001,3.75,0.0,20.90139686679624,1
4,4.25,0.7500000000000001,0.0,16.614707974183524,0
5,2.75,4.75,0.0,17.82909088795247,1
6,0.25,1.25,0.0,36.109009380290054,1
7,3.75,4.25,0.0,25.942224065397173,1
8,1.25,1.7500000000000002,0.0,33.71966866238124,1
9,0.7500000000000001,2.25,0.0,35.412200614983966,1
10,1.3427037505241175,3.123038350770544,41.12168079734983,34.45087795012451,1
