,X1,X2,Opportunity_cost,Y,C_bool
0,4.75,4.25,0.0,5.603312623979253,0
1,3.75,0.7500000000000001,0.0,19.38356614117962,0
2,0.7500000000000001,1.7500000000000002,0.0,35.760490846587814,1
3,1.7500000000000002,2.25,0.0,35.286386587009765,1
4,4.25,3.250000000000001,0.0,23.556215120405653,0
5,1.25,0.25,0.0,30.90647132182787,0
6,0.25,3.75,0.0,30.644031314942094,0
7,3.250000000000001,1.25,0.0,28.894079483057915,0
8,2.75,2.75,0.0,39.31913551634678,1
9,2.25,4.75,0.0,15.429323362787605,1
10,3.2428921965362343,3.516381549959601,39.31913551634678,20.947040566860203,1
11,3.043046790040499,2.3063701372297,39.31913551634678,40.00614917113849,0
12,2.340624611226008,2.081263291476413,41.10147793416768,37.78370550088231,1
13,2.9433468023510416,3.3051758991221094,41.147707698470526,27.02837366483169,1
14,2.3190237516087087,2.7610351797765516,41.225990790059036,41.28012236344767,1
15,4.745561099574179,4.250700941048373,41.37783228238124,5.635374136272844,0
16,1.7964985868596264,2.2411450556998695,41.37066135083314,35.50025493766458,1
17,4.276014748791463,2.902557425174816,41.393234914188916,19.305568141682812,0
18,2.4952659149424576,2.6414065966772684,41.39484253455976,41.4182161289911,1
19,3.45545017008265,2.599682517583727,41.4182161289911,30.34475189331089,0
20,1.0277091528706148,0.5375495978274749,41.4182161289911,32.421354821461236,0
21,0.24999999759764663,3.7499999639646995,41.4182161289911,30.64403109098998,0
22,1.0625522858935925,3.4045985930497107,41.4182161289911,31.968912547751565,1
23,3.0663805223059915,2.6190124893137643,41.4182161289911,36.80095335215789,0
24,3.555530665475619,2.6086347574748556,41.4182161289911,28.297882660051485,0
25,0.9934669546252917,1.3744960104502106,41.4182161289911,34.49114801273289,1
26,0.02605791049748586,4.472604668485636,41.4182161289911,24.61647691785648,0
27,2.540085927158795,3.286928167272817,41.44135117485171,35.056247758022515,1
28,2.261398470769854,2.8393544778619657,41.446665493602,41.13152991654163,1
29,1.8125506608816866,3.634759181448651,41.4182161289911,37.47625659062266,1
30,1.7737702137148281,1.6771445959941866,41.4182161289911,32.44020713436443,1
31,1.6307677750797336,3.105416608849864,41.447544867492866,37.156441356812365,1
32,0.7500000000000001,1.7500000000000002,41.45141786485939,35.76049228527078,1
33,2.0074773992985007,4.4356429016496115,41.45179637972039,25.41413031050989,1
34,3.749980582046823,0.749994865310086,41.451698629314386,19.383604891624405,0
