,X1,X2,Opportunity_cost,Y,C_bool
0,4.75,0.7500000000000001,0.0,13.124332988008886,1
1,2.25,1.7500000000000002,0.0,33.82878346357847,0
2,0.25,1.25,0.0,36.109010043348974,1
3,1.7500000000000002,4.75,0.0,24.690600932406003,0
4,3.75,4.25,0.0,25.942224525704447,1
5,4.25,0.25,0.0,14.1096717175935,1
6,2.75,3.75,0.0,23.140266753533997,1
7,0.7500000000000001,2.75,0.0,34.22140337137063,1
8,3.250000000000001,2.25,0.0,38.54203680903783,0
9,1.25,3.250000000000001,0.0,33.582112322570794,1
10,1.2239757604821344,1.2515362100421012,36.109010043348974,33.296773903316236,1
11,1.5675369529019805,0.9400469370604485,36.109010043348974,31.167602905437445,0
12,2.038193741514522,2.5086167768284873,36.109010043348974,38.90363277162039,1
13,3.354226931960193,3.703771486112522,41.33375458874794,21.448545521236436,1
14,1.6988302194831155,2.9116828501215797,41.228203721005045,37.50735814044696,1
15,0.7623133249908043,0.47756687773010065,41.18669860375814,32.651362681376376,1
16,4.046481791254806,2.349540635069949,41.19745913307229,24.21952514725625,0
17,2.459052980547537,2.335287858066608,41.18917471935185,40.58513131053236,1
18,3.2620311141237224,2.6577795707556473,41.173672256788855,32.86688584766532,0
19,4.4615811260348215,2.5165600886743023,40.99617864507336,16.93007712436318,0
20,3.7026266857155905,2.256067021380205,41.00352385082603,32.09246050926476,0
21,0.49250502276605584,1.7532618522891745,41.031024002199715,36.628113893462064,1
22,2.51586881927391,2.666888522792181,41.03573054790115,41.33788120025267,1
23,3.3542268813580574,3.703771430237129,41.44032100477788,21.448544111378258,1
24,2.423965076824086,2.8281790736424597,41.438282384309545,41.037446071228025,1
25,1.749970326066393,4.749917091325197,41.40799600799576,24.69248611040291,0
26,1.2434067030065707,1.973069658676852,41.40373524082711,33.904228807115295,1
27,4.25,0.25,41.429432230497945,14.109670719235984,1
28,0.8840704461205808,1.8779095138924766,41.430511373381776,35.19684088174254,1
29,2.766121426578809,4.038776572792332,41.44713121172255,19.563996677896192,1
30,0.2500000000000081,1.2500000000004692,41.437660673182044,36.10900889046751,1
31,4.7493179737253195,0.74989231164084,41.437669430564014,13.127877556102355,1
32,4.249994940263617,0.25000565499948657,41.436785648103516,14.109685070713997,1
33,2.669010282382661,3.2225382478228735,41.43665967777413,33.83897690791348,1
34,4.046481791254806,2.349540635069949,41.43610625966442,24.219528345101683,0
