,X1,X2,Opportunity_cost,Y,C_bool
0,3.75,4.75,0.0,15.09620731554886,1
1,1.25,0.25,0.0,30.906470030170624,0
2,4.25,1.7500000000000002,0.0,29.89252407479085,0
3,2.25,3.250000000000001,0.0,39.08118971421884,1
4,0.25,1.25,0.0,36.10900844954867,1
5,0.7500000000000001,2.25,0.0,35.412199352048205,1
6,3.250000000000001,3.75,0.0,20.90139874333903,1
7,4.75,2.75,0.0,17.54042325595357,0
8,2.75,0.7500000000000001,0.0,24.537487210248365,0
9,1.7500000000000002,4.25,0.0,32.02920241979701,1
10,1.6761133739541634,2.083057199637161,39.08118971421884,34.1812903464469,1
11,1.3112073478488955,2.0020450623092785,39.08118971421884,33.78583111905788,1
12,3.1962392729618805,1.5928964044835525,39.08118971421884,34.96945396421719,0
13,4.250298116576694,1.7493043946543805,39.08118971421884,29.893152587491983,0
14,1.2524796204329693,3.279016881588268,39.08118971421884,33.553722692384476,1
15,3.2244070511131597,2.415378919056896,40.64954798460349,37.237926958165474,0
16,1.2876229883183483,2.5397813271785656,41.407232999759266,34.16344951817696,1
17,2.8378428610637974,2.7803479411616747,41.4237662737842,37.8936013298767,1
18,3.730901219985233,2.209982233157485,41.259642090608644,32.36172678071704,0
19,2.783370663167315,2.0622888830341073,41.156572340745846,39.78206576154094,0
20,0.22352246353443758,2.465663062284779,41.23179677952457,36.61126922915596,1
21,2.1068873992009336,0.3628939244147461,41.21128440904296,28.14552359790918,0
22,1.25,0.25,41.22284455267249,30.9064721854594,0
23,0.22388496456065898,2.465855400620655,40.95074949745431,36.61052414443673,1
24,2.1039580208377604,2.367392866398607,41.17789893394152,38.52495545425588,1
25,1.7495478045068564,4.2501937427150125,41.36005431749288,32.030017879652995,1
26,3.1986265769463453,3.0676250466813353,41.352832550201796,26.507385199216213,1
27,2.008884522504984,2.3936673610289985,41.43487173261305,37.95984842721701,1
28,3.75,4.75,41.41295674208675,15.096207783259178,1
29,2.9727923039948116,1.8025461868209216,41.41781945852035,37.527715907539736,0
30,4.175713112082173,3.6068166002509687,41.401386890236594,26.310092368332086,0
31,3.7336967424855447,2.2051141683895015,41.45337754991637,32.3919850969975,0
32,1.4338895795549331,4.6547287316183805,41.454508244863185,28.244889653131256,0
33,4.750065540851444,2.7492788205828615,41.44173859730558,17.531015320083174,0
34,2.7500000000091633,0.7499999999969457,41.40508452121009,24.53748482886356,0
