,Opportunity_cost,Y,C_bool
0,0.0,82.12499979135626,0
1,0.0,73.12499991213303,0
2,0.0,208.12500075704673,0
3,0.0,289.12499886801487,0
4,0.0,176.62500069740264,1
5,0.0,5.625001008877162,0
6,0.0,122.62499992778886,0
7,0.0,95.6249979304433,0
8,0.0,248.62499811409526,0
9,0.0,194.625000225806,0
10,176.62500069740264,181.29368759252256,0
