,OC GP mean,OC GP sampled
0,254.51428105589724,251.85427107112667
1,268.1289424114936,267.82866916946654
2,268.21362816536794,267.82866916946654
