,X1,X2,Opportunity_cost,Y,C_bool
0,3.75,2.75,0.0,22.65693674949506,0
1,4.25,1.25,0.0,26.73370270614961,0
2,1.25,1.7500000000000002,0.0,33.71967105122634,1
3,4.75,2.25,0.0,15.164146695822627,0
4,0.25,0.25,0.0,31.273978815748855,1
5,0.7500000000000001,3.250000000000001,0.0,32.19985099670155,1
6,2.75,0.7500000000000001,0.0,24.537486908345162,0
7,1.7500000000000002,3.75,0.0,36.64280972746074,1
8,3.250000000000001,4.25,0.0,24.102452711297506,1
9,2.25,4.75,0.0,15.429323661799291,1
10,1.5451254165062813,3.840279932999663,39.039661997689905,35.051136198855616,1
11,1.865807168031031,3.042832721088625,38.565817914780304,39.23283210611847,1
12,1.196506163997929,3.2972829106609387,39.23283210611847,33.09859906745011,1
13,2.078556390830727,2.258831374931222,39.436207639665774,37.532034975659684,1
14,4.25,1.25,39.23283210611847,26.733700036474012,0
15,2.7499367911662707,0.7499827612149492,39.23283210611847,24.537766568764447,0
16,2.1527161969231803,3.241978750317075,39.23283210611847,39.63656246178656,1
17,2.2796777837069606,2.4455162170056384,40.52816438894079,40.27541553062109,1
18,2.00015277281364,2.7152522523946545,41.243119121777745,39.57185620517513,1
19,0.25000000717220117,0.25000000613580164,41.331204197108384,31.273978938249165,1
20,2.233024457160737,3.2069845545987086,41.328315447882005,39.5425207248574,1
21,3.3870665964915814,1.4166438029599897,41.379852622336145,32.10724472065867,0
22,0.4927409274476999,1.3999004948444984,40.27541553062109,36.2163956580892,1
23,2.750857510431632,2.192718606018219,41.37571814072507,40.629910976588434,0
24,0.7499796040105153,3.2500471102035045,41.405793126084326,32.19965687398007,1
25,0.24999916675347023,0.2500000364859498,41.39788615191002,31.273979290639204,1
26,3.3170715048390136,2.5462412545018003,41.39649242503673,33.846942005555704,0
27,2.6076398919079797,2.8315525197080893,41.419875351989916,39.936630780462934,1
28,3.250616134173772,4.250634325752295,41.43361056149505,24.115729411657252,1
29,0.2500000397120997,0.2500000397120997,41.44948111853548,31.2739789605889,1
30,2.2841277408980267,2.996010044190938,41.45242949762742,40.66475124558931,1
31,2.1226473801131593,0.6168068293046769,41.447715191891895,27.913100236350772,0
32,0.49254389194589937,1.3993407075788025,41.44724177667656,36.21575446648571,1
33,2.5877759618556344,2.9831178145248165,41.44669343417869,38.595255932325216,1
34,2.348434909244177,1.6458866603550315,41.456086075781286,33.05495084621348,0
