,X1,X2,Opportunity_cost,Y,C_bool
0,0.25,0.25,0.0,31.273979874429926,1
1,0.7500000000000001,3.75,0.0,29.347346256478346,0
2,3.250000000000001,4.75,0.0,24.339475359467166,1
3,3.75,1.25,0.0,28.600586165702143,0
4,2.75,0.7500000000000001,0.0,24.537485014174635,0
5,4.25,2.75,0.0,18.3314561087728,0
6,2.25,4.25,0.0,23.78506302356405,1
7,1.25,2.25,0.0,34.032145099237226,1
8,1.7500000000000002,1.7500000000000002,0.0,32.78048816843436,1
9,4.75,3.250000000000001,0.0,21.851804533785042,0
10,0.6552400620079336,1.998055801681483,34.675427050002995,36.069267499385155,1
11,3.750123924153043,1.249876075846841,36.069267499385155,28.597809224204717,0
12,0.26709569953833123,1.820886652822094,36.069267499385155,37.05685835268136,1
13,1.8576713923018107,3.431950206574353,37.05685835268136,38.5961830030679,1
14,2.750000233708287,0.7500004414489885,38.5961830030679,24.53748699027185,0
15,3.2499990117129696,4.749998555557686,38.5961830030679,24.33948555090316,1
16,0.6507663149819167,1.5095193811785257,38.5961830030679,35.964793499426875,1
17,2.4876648489750055,3.1183308800107263,40.48891825794619,38.184861403584996,1
18,1.7658272948457345,2.766478506322682,40.12818733292426,37.721432564117805,1
19,0.20040257320012678,0.20040238290182635,40.00654469979882,30.86360207579744,1
20,0.6507659906268575,1.5095192199172873,40.00763290099251,35.964793297189864,1
21,0.6507653706854976,1.5095177818989958,40.00647214748619,35.964795451686236,1
22,2.2025387417682607,3.387056705928158,40.08797138653166,38.13362068327031,1
23,0.7500000283787424,3.749999974959933,39.6841987179878,29.347343963329617,0
24,2.3493219518355994,3.464869356934838,39.60493077354632,35.41213929006519,1
25,2.014955328903797,2.5124701166650576,40.928216812914656,38.73721450544635,1
26,1.7632645962910474,2.5089334104767755,41.00995688388154,36.6535643240807,1
27,1.4089399758791854,1.7979462140639395,41.056722204855184,33.30993536432112,1
28,2.6076076946504863,3.3060102179178927,41.09337900863405,33.54379405841988,1
29,2.2939858027782036,2.486718745034766,41.1452160581569,40.57502275319204,1
30,3.025665662417638,1.9053244859733598,41.1804762613662,38.80035324987678,0
31,0.6507659914469468,1.5095192205754506,41.43529858785128,35.964792272393936,1
32,3.485549519727565,3.5264592022739745,41.44211795020578,21.372941969842238,1
33,3.392655905950731,3.0229291253318946,41.456268941400594,24.039945583184714,1
34,0.6507696194595023,1.5095220334522201,41.43084967811819,35.96478515446552,1
