,X1,X2,Opportunity_cost,Y,C_bool
0,4.75,1.25,0.0,22.394299843389753,0
1,2.25,0.7500000000000001,0.0,27.2838262294219,0
2,2.75,2.25,0.0,40.903813373948,0
3,1.25,1.7500000000000002,0.0,33.71966898083866,1
4,4.25,4.75,0.0,4.588141074252277,1
5,0.7500000000000001,3.250000000000001,0.0,32.19985030792874,1
6,3.250000000000001,0.25,0.0,21.984502900162752,0
7,1.7500000000000002,4.25,0.0,32.02920164201968,1
8,3.75,3.75,0.0,25.96602198786028,1
9,0.25,2.75,0.0,35.836300645750576,1
10,1.7501663166261188,2.313908459133491,41.44655640427714,35.61188404569911,1
