,X1,X2,Opportunity_cost,Y,C_bool
0,2.25,4.75,0.0,15.429324048803588,1
1,3.75,0.7500000000000001,0.0,19.383564174573078,0
2,3.250000000000001,2.75,0.0,31.390396209776096,0
3,4.75,1.7500000000000002,0.0,21.655896767886748,0
4,0.25,2.25,0.0,36.92982579707251,1
5,0.7500000000000001,3.75,0.0,29.34734521329112,0
6,4.25,0.25,0.0,14.109669856639496,1
7,1.7500000000000002,3.250000000000001,0.0,38.31174251608044,1
8,1.25,4.25,0.0,29.97505818288248,0
9,2.75,1.25,0.0,28.80785923623169,0
10,3.5800645324661846,1.2077748126534604,38.31174251608044,27.957305017010817,0
11,1.7501623654206717,3.2500874275342087,38.31174251608044,38.3130408850477,1
12,4.750000289569655,1.7500037681273795,38.3130408850477,21.65584030450187,0
13,0.7500000000000001,3.75,38.3130408850477,29.347346813232868,0
14,3.5800304414780673,1.2077625982276436,38.3130408850477,27.957087991089548,0
15,1.2957800005424747,2.3912357360101217,38.3130408850477,34.11027732949238,1
16,0.9871087237519077,3.1898525002810802,41.284191318529736,32.44607301321116,1
17,2.2905209890241798,2.404979808874564,41.225011927113165,40.10326538453644,1
18,0.7500043250243195,3.750001272065976,41.286499146019516,29.347337741849564,0
19,2.250172162156959,2.816917155729147,41.29492625927332,41.130011410730866,1
20,1.5774885515939976,3.2590819798229225,41.321863002545925,36.68239692465241,1
21,2.249548916223098,4.750049819577852,41.130011410730866,15.43382302146986,1
22,3.250459230422142,2.749278352419402,41.130011410730866,31.395207877859427,0
23,1.5359542624849838,2.307933235876952,41.25089075027489,34.54095501766285,1
24,1.8795733538483046,2.041720568302917,41.22729119192823,34.71526840882726,1
25,1.7210145533729149,3.600126114387261,41.208711348621215,37.29311587344113,1
26,2.509344284454624,3.0908668093045004,41.228431436371984,38.254796592171985,1
27,0.2500017870316574,2.2500010345972754,41.23394606672738,36.92981993325704,1
28,4.25,0.25,41.24237520461725,14.10967200225406,1
29,2.4548135185981956,2.7003153145377223,41.246661541944846,41.36616174464517,1
30,3.0468739558836204,2.0070105960944002,41.45618681742524,39.63107443600285,0
31,2.328506535453092,3.3154271314097103,41.45464296766354,37.68210856886928,1
32,1.104005355311972,4.274727632971578,41.45564834937085,28.138846845936246,0
33,1.1040154960700572,4.274729520759496,41.44600466115078,28.138951486287947,0
34,3.131726785785744,0.6767395037486912,41.44406674970117,22.14666624870418,0
