,X1,X2,Opportunity_cost,Y,C_bool
0,3.75,2.75,0.0,22.656939061289396,0
1,2.75,3.250000000000001,0.0,31.811444348030584,1
2,4.25,4.75,0.0,4.5881395936469165,1
3,1.7500000000000002,3.75,0.0,36.6428118816255,1
4,0.25,1.7500000000000002,0.0,37.02091010484149,1
5,0.7500000000000001,0.25,0.0,31.475975328749538,0
6,4.75,4.25,0.0,5.603314595376504,0
7,2.25,2.25,0.0,38.70545968891764,1
8,1.25,0.7500000000000001,0.0,32.30691786692521,0
9,3.250000000000001,1.25,0.0,28.894081675529176,0
10,1.268941363503584,2.70887928880882,38.70545968891764,34.126890195229656,1
11,0.4126976514647057,1.1995365325828122,38.70545968891764,35.87588533036137,1
12,2.283155073798725,3.1606986307091205,39.39437045044776,39.61960680029725,1
13,1.8071911727216392,2.846449631604277,40.34003809776078,38.351319549000344,1
14,4.750003995794359,4.250011987383078,40.28910939481158,5.603174704883739,0
15,2.831520817803876,2.139950761754519,40.34551502082277,40.42430361782499,0
16,1.9458293698141311,1.951387571183968,40.99338977799015,34.37660168886945,1
17,4.250005727438046,4.749963726240317,40.95446205071044,4.5884910525706575,1
18,3.75,2.75,41.01798126379486,22.656939608565956,0
19,0.412698816067459,1.1995395269466247,40.93888283458672,35.875894277416016,1
20,0.4126976514647057,1.1995365325828122,40.94821898719228,35.87588587171944,1
21,1.7500019108032443,3.7500007349243245,40.976670071573906,36.64280974507299,1
22,2.8744191423975503,2.950403962368847,40.953286702922824,34.75521983539738,1
23,0.7500010220321014,0.24999994014717475,41.38867178567661,31.475974162245535,0
24,1.7499995601331026,3.749995697778534,41.38003948872988,36.64283749178262,1
25,2.5297741454072167,2.668888055536929,41.38432339190136,41.300153786891514,1
26,2.6111761868580374,3.618041820669297,41.451990377098554,27.876864349638506,1
27,0.7499779404756441,0.2499922463073488,41.45635166432042,31.47594224638284,0
28,4.169544565135473,2.7256012831996546,41.456078479640496,18.687581353747312,0
29,1.6469766612419996,1.722500385662945,41.45613244770695,32.718902519526495,1
30,2.350827174048163,3.1471727867910952,41.45613563638314,39.25624039603663,1
31,2.9516868616734304,1.9122073999528497,41.44387147587863,38.757229943146655,0
32,0.7499745193129275,0.2499911059216036,41.447859759915715,31.475935795214085,0
33,1.9389376960755718,2.8111513877902676,41.448104793780516,39.39530204365444,1
34,0.7500010220318218,0.2499999401489455,41.456434454958206,31.47597654798532,0
