,X1,X2,Opportunity_cost,Y,C_bool
0,4.75,1.7500000000000002,0.0,21.655897139489817,0
1,2.25,4.75,0.0,15.429323181233496,1
2,0.7500000000000001,4.25,0.0,25.651769942289366,0
3,0.25,1.25,0.0,36.1090099661061,1
4,3.250000000000001,2.75,0.0,31.390396945000976,0
5,3.75,3.75,0.0,25.96602133187504,1
6,2.75,3.250000000000001,0.0,31.811445025211828,1
7,4.25,0.25,0.0,14.109670548009765,1
8,1.7500000000000002,2.25,0.0,35.28638456047513,1
9,1.25,0.7500000000000001,0.0,32.306919893310734,0
10,0.20959789196287712,1.691648487148673,36.166632121911896,36.978072696049715,1
