,X1,X2,Opportunity_cost,Y,C_bool
0,0.25,0.25,0.0,31.273979342634185,1
1,2.25,4.25,0.0,23.785062502097492,1
2,2.75,1.25,0.0,28.807857284523593,0
3,1.7500000000000002,1.7500000000000002,0.0,32.78048751451182,1
4,0.7500000000000001,3.250000000000001,0.0,32.1998531937863,1
5,1.25,0.7500000000000001,0.0,32.3069159241994,0
6,3.250000000000001,2.75,0.0,31.39039567681687,0
7,4.25,3.75,0.0,25.139593493123453,0
8,4.75,4.75,0.0,6.055699603186768,1
9,3.75,2.25,0.0,31.375358542140816,0
10,0.35033488538977464,1.8848825180935536,35.723172578198614,36.976356946064506,1
