,X1,X2,Opportunity_cost,Y,C_bool
0,2.25,3.75,0.0,32.61997506487066,1
1,3.75,0.25,0.0,18.329699781869518,0
2,2.75,2.75,0.0,39.31913474160119,1
3,0.25,3.250000000000001,0.0,33.74086907324992,0
4,1.7500000000000002,1.25,0.0,30.911044668926326,0
5,1.25,4.25,0.0,29.9750585844534,0
6,4.25,2.25,0.0,22.4364487565022,0
7,4.75,1.7500000000000002,0.0,21.655897537472267,0
8,0.7500000000000001,4.75,0.0,21.089912899625617,0
9,3.250000000000001,0.7500000000000001,0.0,21.923954220325545,0
10,2.404802437571358,2.787107612364598,39.31913474160119,41.226643329810315,1
