,X1,X2,Opportunity_cost,Y,C_bool
0,4.25,3.250000000000001,0.0,23.556214720599765,0
1,2.25,4.75,0.0,15.429324523835783,1
2,0.7500000000000001,2.25,0.0,35.41220012050621,1
3,2.75,3.75,0.0,23.140265279892,1
4,3.75,2.75,0.0,22.65693812490985,0
5,3.250000000000001,1.25,0.0,28.894079565704633,0
6,4.75,0.25,0.0,9.246687220492255,1
7,1.25,1.7500000000000002,0.0,33.719671811575274,1
8,0.25,4.25,0.0,26.546268191897738,0
9,1.7500000000000002,0.7500000000000001,0.0,29.98848187779042,0
10,0.22063059115849126,2.19130429974282,35.41220012050621,37.01762409720637,1
