,X1,X2,Opportunity_cost,Y,C_bool
0,0.7500000000000001,2.75,0.0,34.22140419186003,1
1,1.7500000000000002,4.75,0.0,24.690600246805605,0
2,2.75,4.25,0.0,18.200956480517366,1
3,1.25,3.75,0.0,32.334783345874726,1
4,0.25,3.250000000000001,0.0,33.74086725806189,0
5,4.75,1.7500000000000002,0.0,21.655896720082204,0
6,2.25,0.7500000000000001,0.0,27.283826078184507,0
7,4.25,0.25,0.0,14.109671510052996,1
8,3.75,1.25,0.0,28.600585957586294,0
9,3.250000000000001,2.25,0.0,38.54203700529312,0
10,2.448718793797419,1.9670863853186622,34.22140419186003,37.2389989236718,0
11,2.793735122888482,2.4627937451610387,34.22140419186003,40.925988421279115,1
12,2.0605807722656966,4.938830495295061,41.16342566658357,15.125000670161532,0
13,2.147232134547447,2.417008564914082,40.925988421279115,39.19065598854785,1
14,2.905242841954369,3.199887255533431,40.925988421279115,29.669650002961085,1
15,1.3977380863551891,2.29475492583479,41.32236963116261,34.14939146929012,1
16,4.749912564083568,1.7499677867676307,41.29154777063111,21.657881219790422,0
17,3.5465510792862185,3.772705760966634,41.292582312711076,24.0524120385671,1
18,2.110981335110397,1.4483877110609014,41.23892136516096,30.936933448542945,0
19,3.5465333459820436,3.7727118976277354,41.29087591472514,24.05226049801847,1
20,2.9736359375195103,2.9000777519894254,41.28048149270843,33.83370307503975,1
21,0.25000000453715504,3.250000001671584,41.2615449932995,33.74086894666189,0
22,3.475132136038687,3.1535720385016983,41.259993691531704,21.627980963107813,1
23,3.1017252631268137,2.0674432593198575,41.40816007742276,39.827612141378495,0
24,2.0072422266347187,2.4051322022182644,41.23184825509748,38.02151185231112,1
25,0.2500086120566112,3.249994107540214,41.37421861767751,33.74088198784798,0
26,2.25001329732932,0.7500011724163542,41.37504982989679,27.283756141474274,0
27,0.7500000211383617,2.7499999863222366,41.370001270681314,34.22140367629048,1
28,4.249999995713203,0.250000005475625,41.374917628026424,14.109673143579524,1
29,4.25,0.25,41.37388773488477,14.109671488688784,1
30,3.423986258155278,2.443215613059076,41.372472903514826,33.74223542441935,0
31,3.0581356530128345,2.522256289971762,41.35215900145435,38.15948181222226,0
32,2.038515962854446,2.5252330874735383,41.37149894872195,38.99970121736058,1
33,1.7499904699098856,4.750001361441445,41.411277337284545,24.690733295945343,0
34,2.85709299247048,2.3343157760460826,41.40554557118933,40.91057603522635,0
