,X1,X2,Opportunity_cost,Y,C_bool
0,4.25,3.75,0.0,25.139593962221664,0
1,2.25,0.7500000000000001,0.0,27.28382502802514,0
2,3.250000000000001,2.25,0.0,38.54203713078741,0
3,4.75,3.250000000000001,0.0,21.851803008057086,0
4,0.7500000000000001,0.25,0.0,31.475975049714137,0
5,2.75,4.25,0.0,18.2009560054849,1
6,0.25,4.75,0.0,21.44802797416812,0
7,1.7500000000000002,1.25,0.0,30.911045697861127,0
8,3.75,2.75,0.0,22.656940052966338,0
9,1.25,1.7500000000000002,0.0,33.71966888434242,1
10,4.000379006154814,2.6807498003691004,40.34339073930292,20.31123785539203,0
11,2.838831583610098,2.605293278493313,39.51041038417478,39.77432081953749,1
12,2.692301077278094,2.3176524605715105,39.918389617506456,41.11430125126444,1
13,3.2606103661622314,2.0938710857749534,41.11430125126444,39.115154926528724,0
14,2.792363958467096,2.3151399392882284,41.11430125126444,41.06152471169992,0
15,1.8810714537339934,2.886031732198393,41.43662046892863,39.11029746823932,1
16,1.482014296140415,2.5357182037057253,41.36051583381261,34.881600457896305,1
17,1.9354076003218619,2.6137856296968836,41.41501933803774,38.60125033256202,1
18,2.309072077528976,2.541934526839552,41.45553660053328,40.8915884910852,1
19,0.7500001553225595,0.25000044402330124,41.45629092964177,31.475979609524174,0
20,1.1540477032345473,1.6156667845283665,41.433955179588885,33.995225190724874,1
21,2.294725232618693,2.712861917325658,41.453605769576185,41.22669656627408,1
22,0.9758835900541653,2.351662402184852,41.456007575060205,34.452928839499904,1
23,2.249688922434678,2.1803964123649253,41.455807608449625,38.10855626913374,1
24,1.5648227130781038,3.2077035954705324,41.43614997908709,36.55209076929065,1
25,1.6173660506336889,4.521035345230941,41.45399795472543,29.52307993548657,0
26,0.25,4.75,41.45533439297683,21.44802532723622,0
27,2.557261779940231,2.472926464430576,41.45505182417533,41.393979126018166,1
28,2.238916217918743,2.952195509533485,41.393979126018166,40.88526907492159,1
29,0.6687374451024859,3.518030574936187,41.393979126018166,30.896562524280498,0
30,1.6176407313358667,4.520668222692177,41.45648909019743,29.526192463264334,0
31,3.4686511523614496,3.7313830381474307,41.456495711147,22.75762266103607,1
32,3.8334435995469764,1.6273576904085836,41.393979126018166,34.18230038535492,0
33,0.6707078403169845,3.518704784086654,41.45651587009674,30.88832930908275,0
34,4.249987941439984,3.750003546635299,41.4564445951198,25.139720488451314,0
