,X1,X2,Opportunity_cost,Y,C_bool
0,0.25,2.75,0.0,35.83630173702605,1
1,0.7500000000000001,2.25,0.0,35.41220002863156,1
2,4.75,0.7500000000000001,0.0,13.124334823911136,1
3,1.7500000000000002,1.7500000000000002,0.0,32.780487489395256,1
4,3.75,0.25,0.0,18.329697734792084,0
5,3.250000000000001,3.75,0.0,20.901397306696737,1
6,4.25,4.75,0.0,4.588138635264582,1
7,2.75,1.25,0.0,28.807857636553234,0
8,1.25,4.25,0.0,29.97505795457627,0
9,2.25,3.250000000000001,0.0,39.081191571808944,1
10,0.911150597407534,2.783491641767481,39.081191571808944,33.710577399221215,1
