,X1,X2,Opportunity_cost,Y,C_bool
0,2.25,0.25,0.0,27.657788823301598,0
1,2.75,3.250000000000001,0.0,31.811445421198282,1
2,3.75,0.7500000000000001,0.0,19.383566262027635,0
3,1.25,4.75,0.0,26.1893585346583,0
4,3.250000000000001,2.75,0.0,31.390396329989112,0
5,0.7500000000000001,2.25,0.0,35.41220198914015,1
6,0.25,3.75,0.0,30.644031579295184,0
7,1.7500000000000002,1.25,0.0,30.911044761693645,0
8,4.25,4.25,0.0,14.944527028521971,1
9,4.75,1.7500000000000002,0.0,21.65589715989005,0
10,2.4185920497205275,3.6879891969107312,35.41220198914015,30.49994347238951,1
11,0.7500040763846377,2.250002637794201,35.41220198914015,35.41217912071067,1
12,1.1833128830338238,2.631798358137721,35.41220198914015,33.951005658639616,1
13,0.20714343455869696,3.3232074121974553,37.08885497458399,33.42662874126296,0
14,2.474080756634727,2.983542006807667,36.822547456452924,39.73572675701065,1
15,2.590400046130504,2.2880273652048277,40.991965465529404,40.80337510933844,1
16,2.393560385650191,2.6730327955213395,41.25790052435041,41.39752204119377,1
17,1.7673943713841465,3.163447905782759,41.39752204119377,38.479434549675176,1
18,2.0288759141833803,2.78246370508959,41.4508615642928,40.00489973179012,1
19,2.640399324389257,2.8571089509185095,41.4336602646831,39.385788624311125,1
20,4.249986954088241,4.249992954508301,41.44743955530371,14.945057232519657,1
21,2.598370581882454,2.165738713915362,41.44605084136697,40.006005326541576,0
22,1.638326345346635,3.320295085763185,41.45646560385476,37.262681910764314,1
23,2.4079771631536406,1.1303681540578228,41.45650882348491,28.115084598462182,0
24,2.1417051346782867,2.058684763024848,41.45646508448143,36.286607610482136,1
25,2.5369359055294156,1.922494118030516,41.455804553561606,37.220487239071524,0
26,4.749994273947594,1.7499978904017457,41.45574302213611,21.656025442150643,0
27,2.895028634276631,3.635373645755423,41.45566250014619,22.69493773234288,1
28,3.041747443615947,2.3125809039698164,41.455790931794134,39.98959521638452,0
29,2.6322463084533174,2.1788892757741354,41.45604819977367,40.23770797962997,0
30,2.2500013863200476,0.25000239455202367,41.45617502244753,27.65777740485883,0
31,3.7499819710116284,0.7499963942023258,41.39752289587031,19.383615365214393,0
32,2.250000161999666,0.24999998516200478,41.45616384720783,27.65778536529562,0
33,4.750000315186272,1.7500076480720277,41.456147988213154,21.655791146696327,0
34,2.1910686777248087,2.052268605195513,41.45621844658253,36.538131361311336,1
