,X1,X2,Opportunity_cost,Y,C_bool
0,2.25,3.75,0.0,32.61997483679039,1
1,1.7500000000000002,2.25,0.0,35.286386143968244,1
2,4.75,0.7500000000000001,0.0,13.12433354856143,1
3,2.75,4.25,0.0,18.200955562351847,1
4,3.75,3.250000000000001,0.0,20.938848544757647,0
5,1.25,1.7500000000000002,0.0,33.71967030505057,1
6,3.250000000000001,0.25,0.0,21.98450423477113,0
7,4.25,2.75,0.0,18.331457023951995,0
8,0.7500000000000001,4.75,0.0,21.08991357400798,0
9,0.25,1.25,0.0,36.109007558534,1
10,1.724571295838139,3.027693009671893,37.391551076856516,37.9734152749718,1
