,X1,X2,Opportunity_cost,Y,C_bool
0,4.25,3.75,0.0,25.139593194836436,0
1,2.25,0.7500000000000001,0.0,27.283827637092784,0
2,0.25,4.75,0.0,21.448027927897833,0
3,3.75,0.25,0.0,18.329699707156376,0
4,0.7500000000000001,2.75,0.0,34.221405082526026,1
5,2.75,3.250000000000001,0.0,31.811443618636986,1
6,3.250000000000001,4.25,0.0,24.102452372632584,1
7,4.75,1.25,0.0,22.394300545783636,0
8,1.7500000000000002,2.25,0.0,35.286385691218875,1
9,1.25,1.7500000000000002,0.0,33.71967151076549,1
10,1.7976941736632102,2.6525098100809212,35.29013114130069,37.57721777355642,1
11,3.680716145229695,3.541698228756485,37.57721777355642,23.06761617828134,1
12,0.7499999888667088,2.750000033399874,37.57721777355642,34.22140428671978,1
13,3.380356994966098,0.42268827436270817,37.57721777355642,20.298098642533443,0
14,1.569872157381267,3.5152186745283633,37.78119604845529,36.33960934074775,1
15,4.749973468581572,1.2500209458566536,38.3838010615795,22.39485533807606,0
16,3.7500007940157967,0.25000301680023523,38.38979786401981,18.329673743415064,0
17,2.305806957038618,3.112275513864589,38.38970738538306,39.86262434259307,1
18,2.333524751402252,3.315433858315964,39.86262434259307,37.62486873206079,1
19,2.4593322767881096,2.667309800029115,40.81617856273688,41.41421574831914,1
20,2.4670209130114324,1.8487454710971647,41.41421574831914,35.959491508688,0
21,2.8245308585073676,2.2211291132863877,41.41421574831914,40.80138387421615,0
22,3.3445093800120604,1.2228331401443182,41.4151989168624,28.3865361406148,0
23,2.768064299911128,1.9244723073190757,41.429961908724806,38.34497950195454,0
24,2.7387594795993513,2.84792822506567,41.44291726416102,38.35237620885073,1
25,2.378969801649891,3.4970380190192696,41.41421574831914,34.45178657004939,1
26,3.2824261966861363,1.7640852016659494,41.41593640647717,37.38766699953079,0
27,3.680713932985558,3.541696100067167,41.45183456997311,23.067574775889398,1
28,3.161714242048532,1.9452824112774614,41.45315405366756,39.10040650636244,0
29,0.44364498428520305,1.9152742817844903,41.44989931507235,36.783634018405365,1
30,2.250000054022214,0.7500000766312197,41.45214779602626,27.283826411099767,0
31,2.1435722312245784,3.1597644456474607,41.41421574831914,40.12537932920976,1
32,0.7499999224627079,2.750000232616888,41.452183726146465,34.22140360629349,1
33,3.3416847712045845,3.1358773337707064,41.41421574831914,23.24192004333819,1
34,3.455996914446664,1.181442483274905,41.442818071377516,27.536153048471473,0
