,X1,X2,Opportunity_cost,Y,C_bool
0,4.25,0.25,0.0,14.109669650484227,1
1,0.7500000000000001,3.75,0.0,29.347345394216465,0
2,2.75,1.25,0.0,28.807857876815934,0
3,0.25,3.250000000000001,0.0,33.74086638890285,0
4,1.25,0.7500000000000001,0.0,32.306918177665594,0
5,3.75,2.25,0.0,31.375357367764664,0
6,3.250000000000001,4.75,0.0,24.339471909968072,1
7,1.7500000000000002,4.25,0.0,32.029202453403094,1
8,4.75,1.7500000000000002,0.0,21.655895941686484,0
9,2.25,2.75,0.0,41.12168002181588,1
10,1.792825442135921,2.654892380458126,41.12168002181588,37.544423428647136,1
