,X1,X2,Opportunity_cost,Y,C_bool
0,0.25,2.25,0.0,36.92982376655344,1
1,2.75,1.25,0.0,28.80785770602034,0
2,3.250000000000001,3.75,0.0,20.901397003068535,1
3,1.7500000000000002,0.25,0.0,29.613576416040438,0
4,4.75,4.75,0.0,6.055700325536237,1
5,4.25,3.250000000000001,0.0,23.556214121104713,0
6,2.25,0.7500000000000001,0.0,27.28382756088577,0
7,3.75,1.7500000000000002,0.0,35.428176946491114,0
8,0.7500000000000001,2.75,0.0,34.221403864667764,1
9,1.25,4.25,0.0,29.97505808696956,0
10,0.4594522585984928,1.727830257152304,36.92982376655344,36.69577049257467,1
11,4.2013269143851,3.212779405077441,36.94648746935245,22.868780601758505,0
12,0.7133680514079871,3.0136067458659204,36.92982376655344,33.36143587961354,1
13,1.0772601169132647,2.815158720502223,36.92982376655344,33.58038704648696,1
14,4.749966650696227,4.750002435228958,37.048877979720096,6.055546629698203,1
15,1.5278341336705696,3.4668355023555235,36.982009007757796,36.002617686895576,1
16,3.250000000000001,3.75,37.0772109352115,20.901398619043455,1
17,3.250000000000001,3.75,37.01493427701941,20.901398306355514,1
18,0.25669178101230505,1.1087741949064518,36.97387970159912,35.670727460441086,1
19,3.2502804688765217,3.7493989952645985,37.06825416275733,20.90128952044143,1
20,0.8802734128169826,3.7829421330796205,37.06252685108341,29.37608625087401,0
21,4.25,3.250000000000001,37.03978791681596,23.556216220170164,0
22,3.2548551474363245,3.7812952600172074,37.037684398631335,21.046084102153632,1
23,0.4546830216756509,0.8810811022328091,37.07367292442563,34.75746284534854,1
24,1.2532195621837217,4.246351162858449,37.10160310018034,30.033753948878072,0
25,0.616687051141949,2.6513674054950647,37.08761777430488,35.01865376699274,1
26,4.249999999940103,3.2500000000246643,37.04252284775936,23.55621534569606,0
27,0.3835473099947109,1.109319811105856,37.051840388138366,35.63258321786278,1
28,0.6291163897718083,2.6912079222858627,37.03037807090577,34.847501975788255,1
29,4.249995473318827,3.2500018639275425,37.06724974844974,23.556222014424513,0
30,4.247526979432407,3.251018302586657,37.06310376389613,23.559785967957605,0
31,0.1714636093370234,0.6072721816858401,37.066791342134245,33.38715745184606,1
32,0.15226877148533394,1.8907009564934327,37.05410726488326,37.11600919114326,1
33,1.4719355132234928,3.3251916034619633,37.11600919114326,35.57068606996824,1
34,3.7500027726718708,1.7500072085705878,37.11600919114326,35.42818027943865,0
