,X1,X2,Opportunity_cost,Y,C_bool
0,1.7500000000000002,1.25,0.0,30.911043474252477,0
1,1.25,2.75,0.0,34.050846671221464,1
2,2.25,4.75,0.0,15.429323041639375,1
3,0.25,2.25,0.0,36.929825336769916,1
4,4.75,3.75,0.0,14.746672933735063,0
5,4.25,0.7500000000000001,0.0,16.614708540533364,0
6,3.250000000000001,1.7500000000000002,0.0,37.23914575738795,0
7,2.75,0.25,0.0,25.099472249763963,0
8,3.75,3.250000000000001,0.0,20.93885074049521,0
9,0.7500000000000001,4.25,0.0,25.651769450131617,0
10,4.750217847821305,3.7510892391062467,36.929825336769916,14.716721759501233,0
11,2.750096618761883,0.24998915568180596,36.929825336769916,25.098970480939897,0
12,0.7715624091202081,1.5871379351787456,36.929825336769916,35.60573896396377,1
13,0.8394114524537151,2.0883146330424043,36.929825336769916,35.25387807041855,1
14,2.1635495288220223,3.6827639080109718,36.929825336769916,34.9806308234534,1
15,0.09397601548488348,1.9817461206834968,37.07818023821018,37.09678715969798,1
16,1.3415097517236434,3.575467848757523,37.24283676670054,33.820065314246136,1
17,2.492617951232611,2.379472082314713,41.16609770408597,40.956261013757135,1
18,2.0300338178300934,3.252030181201953,41.38279196511443,39.7180470519558,1
19,2.658722374783916,2.9180541881624955,41.35471214244061,38.507789923061395,1
20,2.3322755501128207,2.4520008280809336,41.2626682069135,40.61004146089324,1
21,2.256928603454165,1.8245154442241023,40.956261013757135,34.630604230266584,0
22,3.4558122695984355,2.213098891971355,41.44843974496895,36.47188015924115,0
23,2.4990400548493628,2.474213404636788,41.45023116178384,41.31860709419627,1
24,2.8536319274854205,2.678280487680466,41.44770252678767,38.91179506186649,1
25,2.3838535942550974,2.885027032637299,41.42773894237029,40.910011822310885,1
26,3.538707782622657,3.0715525557046877,41.445091393813236,21.708540068578255,0
27,0.7500008060058688,4.249993171649124,41.36666231091409,25.651828083443846,0
28,2.7505067180348113,2.2814981186357004,41.36310637722291,41.01673128644012,0
29,2.544977623028859,2.6082979485797475,41.4474384329281,41.399721076706165,1
30,0.7715623656833553,1.5871378458272218,41.448074002464764,35.60574024665144,1
31,2.3015788858142447,3.1755150987576584,41.44846210549463,39.37500893605775,1
32,2.163549528818993,3.6827639080058154,41.4551860412708,34.98063102080448,1
33,1.7699688967388023,2.5097018831688733,41.45517122427364,36.7096623377334,1
34,2.456668417036365,2.620755009518137,41.45544406949184,41.445557052876424,1
