,X1,X2,Opportunity_cost,Y,C_bool
0,1.25,4.25,0.0,29.975056187821306,0
1,2.75,0.25,0.0,25.09947086372694,0
2,4.75,1.25,0.0,22.394299662886343,0
3,2.25,1.7500000000000002,0.0,33.82878594465872,0
4,3.250000000000001,3.75,0.0,20.901396612915555,1
5,0.7500000000000001,4.75,0.0,21.08991265889222,0
6,1.7500000000000002,3.250000000000001,0.0,38.31174051017488,1
7,0.25,2.75,0.0,35.836298338126596,1
8,3.75,0.7500000000000001,0.0,19.383564983785302,0
9,4.25,2.25,0.0,22.436447378133654,0
10,0.8674912799000656,3.7405423190405465,38.31174051017488,29.585274403416115,0
