,X1,X2,Opportunity_cost,Y,C_bool
0,2.25,4.25,0.0,23.785061987786033,1
1,4.75,4.75,0.0,6.055700535486554,1
2,3.250000000000001,3.75,0.0,20.901397153840414,1
3,1.7500000000000002,1.25,0.0,30.911044010575832,0
4,2.75,1.7500000000000002,0.0,36.02098819193388,0
5,0.25,2.25,0.0,36.929823634129846,1
6,3.75,2.75,0.0,22.656938364978892,0
7,1.25,3.250000000000001,0.0,33.582109601899184,1
8,0.7500000000000001,0.25,0.0,31.475974620287715,0
9,4.25,0.7500000000000001,0.0,16.614707969877124,0
10,0.09275725704369109,1.8387721488302393,37.01486004760407,37.05277162669393,1
