,X1,X2,Opportunity_cost,Y,C_bool
0,4.75,0.25,0.0,9.246686651001802,1
1,2.25,2.75,0.0,41.121680479224864,1
2,1.7500000000000002,3.250000000000001,0.0,38.311739313994195,1
3,3.250000000000001,3.75,0.0,20.901398815577654,1
4,4.25,0.7500000000000001,0.0,16.61470830888126,0
5,2.75,4.75,0.0,17.829089294503227,1
6,0.25,1.25,0.0,36.109010084751525,1
7,3.75,4.25,0.0,25.942225785399636,1
8,1.25,1.7500000000000002,0.0,33.71967038273903,1
9,0.7500000000000001,2.25,0.0,35.4121990284216,1
10,1.9795157368991945,3.7449081096767216,41.121680479224864,36.14953359464678,1
