,X1,X2,Opportunity_cost,Y,C_bool
0,4.25,1.25,0.0,26.73370009220865,0
1,2.75,4.25,0.0,18.20095445617582,1
2,3.75,1.7500000000000002,0.0,35.428178233992284,0
3,1.7500000000000002,3.250000000000001,0.0,38.31174124783318,1
4,3.250000000000001,2.25,0.0,38.54203667061101,0
5,2.25,2.75,0.0,41.12167913439502,1
6,0.7500000000000001,3.75,0.0,29.347344980364422,0
7,4.75,4.75,0.0,6.055699655182706,1
8,1.25,0.7500000000000001,0.0,32.30691729722133,0
9,0.25,0.25,0.0,31.27397800388651,1
10,0.6355404948171638,3.748372094763565,41.12167913439502,29.464793562392423,0
11,1.124881722636057,2.7451506244483643,41.12167913439502,33.75192557776863,1
12,2.737213778633699,3.431115778911447,41.12167913439502,28.753488427769916,1
13,4.7499999903826176,4.750000000506178,41.12167913439502,6.055700305595296,1
14,2.112107989748883,2.7575054418873086,41.12167913439502,40.49006978830348,1
15,2.3848350625460517,1.610352243342092,41.27771948630831,32.76367994987192,0
16,4.749751869790072,4.749751869790072,41.27879310206417,6.053111432222096,1
17,2.4694482369394075,1.8249548958356157,41.3167929500939,35.68307064378162,0
18,0.24984006120524577,0.25303883710033054,41.4504806091402,31.29456718200368,1
19,2.4355883865920642,1.375402114643789,41.44936845172776,30.25468654525803,0
20,2.061292135218179,2.586205730627135,41.45325556406882,39.49908327560216,1
21,2.75,4.25,41.45373341394612,18.20095636209277,1
22,1.7771537385192975,2.9128759811596154,41.45445422831614,38.247555925508365,1
23,1.250008847311142,0.7499982305377717,41.4498632935891,32.30687963594147,0
24,2.5340634974439937,2.3540207208400425,41.4459447956485,40.97085315018471,1
25,2.123755694761693,3.1277822435273457,41.44785749112502,40.27522825441644,1
26,0.6363728091419701,3.747657227276509,41.44996678084653,29.46816162221304,0
27,2.3848368180604043,1.6103545187426251,41.4528308808004,32.76371153060822,0
28,1.3364226313276366,3.0520796167141406,41.45314251917634,34.431882017863295,1
29,2.7854830756512956,2.699760005921381,41.45629449600645,39.4439442866398,1
30,0.25000005377090617,0.24999999716995236,41.45607520983839,31.27397996615134,1
31,2.515967542414079,2.1244938354159095,41.456079175531606,39.254760585390265,1
32,2.483669766746098,2.600424808173269,41.455419362450165,41.45409507102112,1
33,2.3848350625460517,1.610352243342092,41.45409507102112,32.76368033805331,0
34,0.05947648689470231,1.3212717895465553,41.45409507102112,36.1652635943817,1
