,X1,X2,Opportunity_cost,Y,C_bool
0,4.75,0.7500000000000001,0.0,13.124332807132703,1
1,2.25,1.7500000000000002,0.0,33.82878213886366,0
2,0.25,1.25,0.0,36.1090099935072,1
3,1.7500000000000002,4.75,0.0,24.69059862603809,0
4,3.75,4.25,0.0,25.942223960091063,1
5,4.25,0.25,0.0,14.109671122311573,1
6,2.75,3.75,0.0,23.1402686375652,1
7,0.7500000000000001,2.75,0.0,34.221405090959834,1
8,3.250000000000001,2.25,0.0,38.542036924996644,0
9,1.25,3.250000000000001,0.0,33.58211044863312,1
10,3.6762286096285592,2.7914348564906524,36.1090099935072,23.145889895335547,0
