,X1,X2,Opportunity_cost,Y,C_bool
0,3.75,4.75,0.0,15.096208007443996,1
1,1.25,0.25,0.0,30.906471083556045,0
2,4.25,1.7500000000000002,0.0,29.892524375888495,0
3,2.25,3.250000000000001,0.0,39.081190554848355,1
4,0.25,1.25,0.0,36.10900865761981,1
5,0.7500000000000001,2.25,0.0,35.41219789995109,1
6,3.250000000000001,3.75,0.0,20.901397774451144,1
7,4.75,2.75,0.0,17.540427991598527,0
8,2.75,0.7500000000000001,0.0,24.537483161278782,0
9,1.7500000000000002,4.25,0.0,32.02920127993061,1
10,1.8536689890259683,2.69154730833728,39.081190554848355,38.23338780590242,1
