,OC GP mean,OC GP sampled
0,242.39551546060918,240.2754986045219
