,OC GP mean,OC GP sampled
0,4.641849747023554,3.659549989035752
1,5.174028542664799,5.618917491789306
2,5.430731517631037,5.414106676642699
3,5.474680907319716,5.414106676642699
4,5.449789476089999,5.414106676642699
5,5.603591738834349,5.618917491789306
