,OC GP mean,OC GP sampled
0,260.2826333308359,259.4010764134397
1,260.27767606969655,259.4010764134397
