,OC GP mean,OC GP sampled
0,247.49845750656013,247.43589426504965
1,241.77228906654975,247.43589426504965
2,267.1841653651777,266.6988137115063
