,OC GP mean,OC GP sampled
0,195.65432627607558,194.4298908387826
1,211.4171609329589,211.22090525103314
2,212.27603427904515,211.22090525103314
3,212.81449135256315,211.22090525103314
