,OC sampled,OC GP mean,Y,C_bool,recommended_val_sampled,recommended_val_GP,optimum
0,0.0,0.0,0.6837000250816345,1,0.0,0.0,0.0
1,0.0,0.0,0.9465000033378601,0,0.0,0.0,0.0
2,0.0,0.0,0.9653000235557556,0,0.0,0.0,0.0
3,0.0,-0.6875,0.12110000103712082,0,0.0,0.6875,0.0
4,0.0,-0.6917999982833862,0.7477999925613403,0,0.0,0.6917999982833862,0.0
5,0.0,-0.6898000240325928,0.9628000259399414,0,0.0,0.6898000240325928,0.0
6,0.0,-0.6859999895095825,0.37940001487731934,1,0.0,0.6859999895095825,0.0
7,0.0,-0.6898000240325928,0.7621999979019165,0,0.0,0.6898000240325928,0.0
8,0.0,-0.7592999935150146,0.8305000066757202,0,0.0,0.7592999935150146,0.0
