,OC sampled,OC GP mean,Y,C_bool,recommended_val_sampled,recommended_val_GP,optimum
0,0.0,0.0,0.09780000150203705,0,0.0,0.0,0.0
1,0.0,0.0,0.09489999711513519,0,0.0,0.0,0.0
2,0.0,0.0,0.1006999984383583,1,0.0,0.0,0.0
3,-0.09179999679327011,-0.09179999679327011,0.11640000343322754,0,0.09179999679327011,0.09179999679327011,0.0
4,-0.10199999809265137,-0.10199999809265137,0.0989999994635582,0,0.10199999809265137,0.10199999809265137,0.0
