,Opportunity_cost,Y,C_bool,recommended_val,optimum
0,0.0,1.7383025274563202,1,0.0,0.0
1,0.0,1.1160120449129018,0,0.0,0.0
2,0.0,1.1962294815491836,1,0.0,0.0
3,0.0,1.7418054931553715,1,0.0,0.0
4,0.07335837801009748,0.47942120389505594,1,1.7457434398521234,1.819101817862221
5,0.07335837801009748,1.8168757657194003,1,1.7457434398521234,1.819101817862221
6,0.0007778078627918017,1.7697272490981204,0,1.8183240099994291,1.819101817862221
7,0.0007778078627918017,1.759257470891594,0,1.8183240099994291,1.819101817862221
8,0.0007778078627918017,0.11701988543051393,1,1.8183240099994291,1.819101817862221
